2019,종로구,농업 임업 및 어업,3,1,18,12,6,-,-,2,13,1,5,-,-,2,6,1,12,-,-
2019,종로구,광업,5,-,10,7,3,1,1,4,9,-,-,-,-,4,6,1,4,-,-
2019,종로구,제조업,"4,462","1,232","13,180","7,565","5,615","4,156","10,328",301,"2,838",3,4,2,10,"4,369","11,661",53,"1,097",40,422
2019,종로구,전기 가스 증기 및 공기조절 공급업,16,3,489,374,115,-,-,16,489,-,-,-,-,13,31,2,417,1,41
2019,종로구,수도 하수 및 폐기물 처리 원료 재생업,7,2,131,120,11,1,2,6,129,-,-,-,-,7,131,-,-,-,-
2019,종로구,건설업,342,38,"24,112","21,198","2,914",203,519,137,"23,553",2,40,-,-,313,"2,052",18,"19,811",11,"2,249"
2019,종로구,도매 및 소매업,"16,128","5,636","42,172","23,771","18,401","13,934","25,721","2,139","15,969",47,384,8,98,"15,347","32,606",265,"5,595",516,"3,971"
2019,종로구,운수 및 창고업,"1,436",63,"7,606","5,591","2,015","1,066","1,485",338,"5,602",27,461,5,58,"1,339","3,092",42,"3,762",55,752
2019,종로구,숙박 및 음식점업,"6,709","3,356","26,606","10,831","15,775","5,941","18,687",737,"7,608",26,296,5,15,"6,134","20,012",58,582,517,"6,012"
2019,종로구,정보통신업,785,172,"16,278","10,832","5,446",324,743,404,"14,815",44,633,13,87,719,"8,147",38,"4,364",28,"3,767"
2019,종로구,금융 및 보험업,587,94,"23,389","12,754","10,635",94,166,436,"22,093",57,"1,130",-,-,308,"3,600",51,"15,337",228,"4,452"
2019,종로구,부동산업,"1,405",359,"6,341","4,142","2,199",880,"1,548",378,"3,708",52,313,95,772,"1,248","4,059",55,"1,017",102,"1,265"
2019,종로구,전문 과학 및 기술 서비스업,"1,572",363,"22,550","13,278","9,272",828,"6,040",550,"12,784",173,"3,671",21,55,"1,354","10,283",112,"9,632",106,"2,635"
2019,종로구,사업시설 관리 사업 지원 및 임대 서비스업,"1,211",394,"17,932","7,941","9,991",412,"1,041",755,"16,368",28,426,16,97,"1,070","6,262",75,"9,126",66,"2,544"
2019,종로구,공공행정 국방 및 사회보장 행정,94,15,"15,109","9,974","5,135",-,-,-,-,93,"15,090",1,19,92,"15,086",-,-,2,23
2019,종로구,교육 서비스업,829,352,"13,474","6,202","7,272",471,"1,494",169,"2,588",144,"9,150",45,242,690,"6,148",32,"1,460",107,"5,866"
2019,종로구,보건업 및 사회복지 서비스업,750,275,"17,366","4,668","12,698",558,"3,517",10,66,91,"12,428",91,"1,355",684,"5,314",17,"11,026",49,"1,026"
2019,종로구,예술 스포츠 및 여가관련 서비스업,899,281,"6,034","3,028","3,006",626,"1,579",133,"1,090",109,"3,206",31,159,822,"4,490",21,833,56,711
2019,종로구,협회 및 단체 수리 및 기타 개인 서비스업,"2,439",720,"7,649","4,104","3,545","1,390","2,449",25,227,502,"3,115",522,"1,858","2,270","5,735",69,"1,071",100,843
2019,중구,광업,1,-,5,4,1,-,-,1,5,-,-,-,-,1,5,-,-,-,-
2019,중구,제조업,"9,018","1,958","28,901","18,624","10,277","8,139","22,263",847,"6,366",29,265,3,7,"8,836","26,496",97,"1,748",85,657
2019,중구,전기 가스 증기 및 공기조절 공급업,4,-,706,520,186,-,-,1,3,3,703,-,-,1,3,-,-,3,703
2019,중구,수도 하수 및 폐기물 처리 원료 재생업,12,-,357,289,68,1,1,9,184,2,172,-,-,11,342,-,-,1,15
2019,중구,건설업,372,45,"7,335","6,275","1,060",210,708,160,"6,602",2,25,-,-,338,"2,595",20,"3,914",14,826
2019,중구,도매 및 소매업,"30,681","14,126","95,562","47,057","48,505","26,787","53,882","3,847","41,407",42,263,5,10,"28,875","65,694",433,"18,755","1,373","11,113"
2019,중구,운수 및 창고업,"1,495",150,"13,924","9,623","4,301",849,"1,504",607,"11,609",35,781,4,30,"1,262","4,835",120,"7,208",113,"1,881"
2019,중구,숙박 및 음식점업,"6,250","3,013","34,751","14,848","19,903","5,278","17,776",942,"16,508",24,423,6,44,"5,495","21,930",77,"4,059",678,"8,762"
2019,중구,정보통신업,957,183,"25,640","17,831","7,809",322,743,600,"24,074",28,752,7,71,830,"9,367",72,"14,696",55,"1,577"
2019,중구,금융 및 보험업,"1,301",250,"51,429","27,833","23,596",317,676,861,"41,718",117,"8,940",6,95,720,"8,205",103,"31,072",478,"12,152"
2019,중구,부동산업,"1,780",399,"9,455","6,332","3,123",974,"1,852",635,"6,226",56,655,115,722,"1,516","5,379",86,"1,665",178,"2,411"
2019,중구,전문 과학 및 기술 서비스업,"2,758",530,"36,390","22,553","13,837","1,675","4,641",885,"27,171",177,"4,481",21,97,"2,422","15,035",191,"16,162",145,"5,193"
2019,중구,사업시설 관리 사업 지원 및 임대 서비스업,"1,501",365,"37,159","17,426","19,733",503,"1,328",960,"35,176",22,566,16,89,"1,248","17,499",107,"13,629",146,"6,031"
2019,중구,공공행정 국방 및 사회보장 행정,65,7,"20,287","11,946","8,341",-,-,-,-,65,"20,287",-,-,61,"19,449",1,706,3,132
2019,중구,교육 서비스업,502,237,"8,598","3,914","4,684",250,659,122,"1,251",101,"6,377",29,311,398,"2,955",23,"3,068",81,"2,575"
2019,중구,보건업 및 사회복지 서비스업,760,216,"10,342","2,591","7,751",589,"4,142",9,119,84,"4,880",78,"1,201",698,"6,014",14,"1,659",48,"2,669"
2019,중구,예술 스포츠 및 여가관련 서비스업,558,193,"3,637","1,851","1,786",426,"1,000",74,"1,105",43,"1,486",15,46,503,"2,368",12,139,43,"1,130"
2019,중구,협회 및 단체 수리 및 기타 개인 서비스업,"2,112",779,"8,090","3,967","4,123","1,294","2,568",69,801,367,"3,514",382,"1,207","1,965","5,579",48,"1,581",99,930
2019,용산구,제조업,905,235,"2,955","1,737","1,218",769,"2,030",130,874,6,51,-,-,871,"2,602",21,297,13,56
2019,용산구,전기 가스 증기 및 공기조절 공급업,3,-,5,3,2,1,1,2,4,-,-,-,-,2,2,1,3,-,-
2019,용산구,수도 하수 및 폐기물 처리 원료 재생업,12,1,145,112,33,3,8,7,125,2,12,-,-,9,96,2,12,1,37
2019,용산구,건설업,403,64,"6,686","5,608","1,078",236,571,160,"5,674",7,441,-,-,372,"2,359",17,"3,422",14,905
2019,용산구,도매 및 소매업,"6,842","2,211","31,996","19,747","12,249","4,559","8,948","2,256","22,849",22,186,5,13,"6,232","19,208",193,"8,326",417,"4,462"
2019,용산구,운수 및 창고업,"1,205",69,"3,951","3,158",793,"1,082","1,284",89,"1,465",31,"1,159",3,43,"1,141","1,866",13,638,51,"1,447"
2019,용산구,숙박 및 음식점업,"4,594","2,190","18,282","8,418","9,864","3,985","12,019",595,"6,185",11,65,3,13,"4,178","13,939",80,698,336,"3,645"
2019,용산구,정보통신업,459,92,"9,718","6,221","3,497",158,343,281,"8,707",19,667,1,1,414,"3,929",22,"4,162",23,"1,627"
2019,용산구,금융 및 보험업,251,29,"5,090","2,202","2,888",30,53,176,"3,876",44,"1,160",1,1,85,442,21,"1,770",145,"2,878"
2019,용산구,부동산업,"1,223",460,"4,314","2,792","1,522",894,"1,449",187,"1,560",26,123,116,"1,182","1,147","3,196",27,637,49,481
2019,용산구,전문 과학 및 기술 서비스업,858,192,"15,994","8,755","7,239",442,"1,113",351,"11,414",60,"3,454",5,13,741,"4,975",69,"9,908",48,"1,111"
2019,용산구,사업시설 관리 사업 지원 및 임대 서비스업,361,109,"10,766","5,925","4,841",134,343,214,"10,186",6,157,7,80,282,"4,729",31,"3,400",48,"2,637"
2019,용산구,공공행정 국방 및 사회보장 행정,47,5,"3,101","2,006","1,095",-,-,-,-,47,"3,101",-,-,45,"3,035",1,42,1,24
2019,용산구,교육 서비스업,537,319,"6,973","2,379","4,594",367,974,63,705,90,"5,071",17,223,464,"3,877",13,"2,004",60,"1,092"
2019,용산구,보건업 및 사회복지 서비스업,562,249,"7,147","1,676","5,471",416,"2,227",6,79,61,"2,872",79,"1,969",526,"4,797",11,150,25,"2,200"
2019,용산구,예술 스포츠 및 여가관련 서비스업,401,146,"2,623","1,075","1,548",308,716,52,508,29,"1,367",12,32,362,"2,008",9,261,30,354
2019,용산구,협회 및 단체 수리 및 기타 개인 서비스업,"1,591",703,"5,494","2,756","2,738","1,158","2,263",47,508,166,"1,541",220,"1,182","1,489","4,231",34,685,68,578
2019,성동구,농업 임업 및 어업,2,-,5,4,1,-,-,2,5,-,-,-,-,2,5,-,-,-,-
2019,성동구,제조업,"4,181",850,"26,041","16,230","9,811","3,073","11,005","1,087","14,844",20,187,1,5,"3,892","19,302",158,"4,538",131,"2,201"
2019,성동구,전기 가스 증기 및 공기조절 공급업,18,1,481,420,61,1,1,14,327,3,153,-,-,13,21,-,-,5,460
2019,성동구,수도 하수 및 폐기물 처리 원료 재생업,31,5,766,596,170,3,7,16,281,12,478,-,-,26,679,2,35,3,52
2019,성동구,건설업,655,111,"6,330","5,267","1,063",333,966,318,"5,352",2,7,2,5,614,"4,979",16,622,25,729
2019,성동구,도매 및 소매업,"7,457","2,288","33,180","19,442","13,738","4,709","10,875","2,730","22,227",17,76,1,2,"6,772","22,079",290,"7,077",395,"4,024"
2019,성동구,운수 및 창고업,"2,781",135,"8,814","7,754","1,060","2,620","3,254",126,"3,289",32,"2,264",3,7,"2,713","5,562",19,"1,249",49,"2,003"
2019,성동구,숙박 및 음식점업,"3,935","2,055","12,957","5,368","7,589","3,620","10,581",306,"2,310",6,54,3,12,"3,717","11,260",26,189,192,"1,508"
2019,성동구,정보통신업,917,129,"11,676","8,083","3,593",186,495,717,"11,055",13,123,1,3,829,"9,257",36,"1,004",52,"1,415"
2019,성동구,금융 및 보험업,310,48,"3,686","1,643","2,043",71,183,189,"2,981",49,521,1,1,151,786,15,535,144,"2,365"
2019,성동구,부동산업,"1,456",491,"5,799","3,187","2,612",972,"1,631",276,"2,708",22,99,186,"1,361","1,363","4,761",25,549,68,489
2019,성동구,전문 과학 및 기술 서비스업,"1,687",311,"16,671","10,624","6,047",730,"2,110",852,"12,726",96,"1,815",9,20,"1,441","9,308",106,"5,284",140,"2,079"
2019,성동구,사업시설 관리 사업 지원 및 임대 서비스업,448,107,"16,877","8,905","7,972",171,531,265,"15,283",8,"1,033",4,30,359,"6,137",35,"8,723",54,"2,017"
2019,성동구,공공행정 국방 및 사회보장 행정,45,1,"4,127","2,687","1,440",-,-,-,-,45,"4,127",-,-,45,"4,127",-,-,-,-
2019,성동구,교육 서비스업,995,583,"11,678","4,436","7,242",727,"1,988",121,"2,115",113,"7,261",34,314,909,"6,267",16,602,70,"4,809"
2019,성동구,보건업 및 사회복지 서비스업,754,321,"9,255","1,902","7,353",582,"3,905",11,292,45,"3,040",116,"2,018",715,"6,364",5,89,34,"2,802"
2019,성동구,예술 스포츠 및 여가관련 서비스업,592,230,"2,113","1,190",923,503,"1,085",60,398,22,608,7,22,556,"1,662",8,121,28,330
2019,성동구,협회 및 단체 수리 및 기타 개인 서비스업,"2,079",897,"7,787","5,031","2,756","1,543","2,847",160,"3,206",135,901,241,833,"1,951","5,357",25,565,103,"1,865"
2019,광진구,제조업,"1,657",455,"6,935","3,686","3,249","1,400","4,694",252,"2,072",4,166,1,3,"1,613","6,093",26,576,18,266
2019,광진구,전기 가스 증기 및 공기조절 공급업,3,-,8,7,1,1,1,1,3,1,4,-,-,2,4,-,-,1,4
2019,광진구,수도 하수 및 폐기물 처리 원료 재생업,16,3,242,215,27,1,4,10,142,5,96,-,-,14,212,-,-,2,30
2019,광진구,건설업,782,100,"13,131","11,439","1,692",438,"1,596",343,"11,534",1,1,-,-,736,"7,107",26,"5,703",20,321
2019,광진구,도매 및 소매업,"5,758","2,063","19,389","10,461","8,928","4,487","10,329","1,248","8,947",22,112,1,1,"5,267","14,554",119,"1,972",372,"2,863"
2019,광진구,운수 및 창고업,"2,495",98,"5,240","4,822",418,"2,395","2,650",76,"1,854",23,734,1,2,"2,439","3,770",3,40,53,"1,430"
2019,광진구,숙박 및 음식점업,"4,786","2,509","16,639","7,207","9,432","4,501","13,200",274,"3,392",11,47,-,-,"4,581","13,712",18,147,187,"2,780"
2019,광진구,정보통신업,341,69,"3,264","1,979","1,285",124,343,205,"1,918",11,"1,000",1,3,313,"2,622",15,413,13,229
2019,광진구,금융 및 보험업,221,46,"4,117","2,114","2,003",44,114,138,"3,345",39,658,-,-,95,443,17,815,109,"2,859"
2019,광진구,부동산업,"1,345",506,"4,073","2,698","1,375","1,017","1,589",179,"1,339",16,66,133,"1,079","1,287","3,432",21,285,37,356
2019,광진구,전문 과학 및 기술 서비스업,809,126,"5,071","3,084","1,987",478,"1,361",294,"2,415",36,"1,287",1,8,721,"3,898",35,627,53,546
2019,광진구,사업시설 관리 사업 지원 및 임대 서비스업,467,127,"9,746","5,245","4,501",238,749,221,"8,809",8,188,-,-,390,"4,203",31,"4,563",46,980
2019,광진구,공공행정 국방 및 사회보장 행정,36,6,"2,678","1,627","1,051",-,-,-,-,36,"2,678",-,-,35,"2,668",-,-,1,10
2019,광진구,교육 서비스업,"1,209",660,"14,184","6,079","8,105",950,"2,649",103,"1,160",116,"10,016",40,359,"1,101","6,115",14,"3,819",94,"4,250"
2019,광진구,보건업 및 사회복지 서비스업,916,381,"11,551","2,326","9,225",743,"5,716",8,203,57,"3,953",108,"1,679",873,"8,199",6,327,37,"3,025"
2019,광진구,예술 스포츠 및 여가관련 서비스업,"1,052",484,"4,209","2,261","1,948",969,"2,141",45,"1,490",22,531,16,47,"1,015","2,425",10,208,27,"1,576"
2019,광진구,협회 및 단체 수리 및 기타 개인 서비스업,"2,552","1,288","5,828","2,649","3,179","2,042","3,560",38,657,108,712,364,899,"2,471","4,802",13,427,68,599
2019,동대문구,광업,2,-,4,4,-,-,-,2,4,-,-,-,-,2,4,-,-,-,-
2019,동대문구,제조업,"3,146",805,"12,956","6,821","6,135","2,743","8,974",394,"3,903",7,66,2,13,"3,076","11,513",42,"1,184",28,259
2019,동대문구,전기 가스 증기 및 공기조절 공급업,2,1,3,2,1,1,2,1,1,-,-,-,-,2,3,-,-,-,-
2019,동대문구,수도 하수 및 폐기물 처리 원료 재생업,20,1,143,119,24,5,12,8,111,7,20,-,-,19,140,-,-,1,3
2019,동대문구,건설업,735,110,"5,797","4,865",932,471,"1,473",261,"4,190",3,134,-,-,710,"4,897",15,684,10,216
2019,동대문구,도매 및 소매업,"10,599","3,467","30,950","17,991","12,959","8,863","18,411","1,715","12,432",19,103,2,4,"10,089","25,373",144,"2,036",366,"3,541"
2019,동대문구,운수 및 창고업,"3,523",168,"6,520","6,040",480,"3,426","3,864",72,"1,118",20,"1,457",5,81,"3,487","4,906",2,31,34,"1,583"
2019,동대문구,숙박 및 음식점업,"4,845","2,644","14,420","5,724","8,696","4,639","12,798",194,"1,492",10,89,2,41,"4,686","13,109",14,131,145,"1,180"
2019,동대문구,정보통신업,238,46,"1,931","1,065",866,126,254,93,"1,261",16,402,3,14,214,933,7,122,17,876
2019,동대문구,금융 및 보험업,260,43,"4,007","1,331","2,676",33,56,166,"3,391",60,559,1,1,83,622,14,241,163,"3,144"
2019,동대문구,부동산업,"1,453",492,"4,489","2,894","1,595","1,122","1,806",151,"1,416",32,115,148,"1,152","1,384","3,748",15,119,54,622
2019,동대문구,전문 과학 및 기술 서비스업,633,107,"7,325","4,740","2,585",392,"1,186",170,"4,097",61,"1,986",10,56,557,"3,228",41,"3,346",35,751
2019,동대문구,사업시설 관리 사업 지원 및 임대 서비스업,446,134,"6,985","3,016","3,969",231,678,194,"5,227",16,"1,032",5,48,363,"3,008",27,"3,130",56,847
2019,동대문구,공공행정 국방 및 사회보장 행정,50,4,"3,430","2,240","1,190",-,-,-,-,49,"3,429",1,1,50,"3,430",-,-,-,-
2019,동대문구,교육 서비스업,"1,027",545,"16,657","8,424","8,233",786,"2,507",75,"1,128",128,"12,650",38,372,919,"7,254",18,"2,853",90,"6,550"
2019,동대문구,보건업 및 사회복지 서비스업,"1,051",417,"15,154","3,737","11,417",804,"6,812",3,35,59,"5,855",185,"2,452","1,011","9,944",6,340,34,"4,870"
2019,동대문구,예술 스포츠 및 여가관련 서비스업,762,318,"2,344","1,211","1,133",694,"1,601",32,161,26,546,10,36,729,"1,848",5,118,28,378
2019,동대문구,협회 및 단체 수리 및 기타 개인 서비스업,"2,532","1,154","5,285","2,843","2,442","1,972","3,195",31,444,145,587,384,"1,059","2,443","4,741",15,98,74,446
2019,중랑구,제조업,"3,423","1,042","14,695","6,422","8,273","3,152","12,153",261,"2,419",10,123,-,-,"3,366","13,952",26,430,31,313
2019,중랑구,전기 가스 증기 및 공기조절 공급업,6,1,118,74,44,2,2,3,34,1,82,-,-,5,36,-,-,1,82
2019,중랑구,수도 하수 및 폐기물 처리 원료 재생업,21,4,206,180,26,5,10,12,189,4,7,-,-,21,206,-,-,-,-
2019,중랑구,건설업,965,144,"6,429","5,451",978,708,"2,268",256,"4,155",1,6,-,-,927,"5,152",17,586,21,691
2019,중랑구,도매 및 소매업,"5,181","2,032","15,505","8,023","7,482","4,478","10,115",680,"4,980",19,404,4,6,"4,894","12,365",37,698,250,"2,442"
2019,중랑구,운수 및 창고업,"6,550",272,"12,496","11,828",668,"6,436","6,966",89,"4,826",25,704,-,-,"6,498","10,445",3,557,49,"1,494"
2019,중랑구,숙박 및 음식점업,"4,171","2,486","11,311","4,312","6,999","4,082","10,405",83,871,3,15,3,20,"4,100","10,508",4,31,67,772
2019,중랑구,정보통신업,142,28,894,582,312,73,187,60,486,8,219,1,2,129,578,1,5,12,311
2019,중랑구,금융 및 보험업,158,29,"1,741",661,"1,080",37,72,72,"1,051",49,618,-,-,59,235,10,160,89,"1,346"
2019,중랑구,부동산업,"1,161",412,"3,100","1,963","1,137",899,"1,396",109,919,13,56,140,729,"1,105","2,379",8,406,48,315
2019,중랑구,전문 과학 및 기술 서비스업,386,80,"1,726","1,074",652,269,701,88,833,27,190,2,2,342,"1,080",12,418,32,228
2019,중랑구,사업시설 관리 사업 지원 및 임대 서비스업,350,96,"3,092","1,884","1,208",206,701,124,"2,241",11,113,9,37,293,"1,834",12,690,45,568
2019,중랑구,공공행정 국방 및 사회보장 행정,47,3,"3,533","2,224","1,309",-,-,-,-,47,"3,533",-,-,47,"3,533",-,-,-,-
2019,중랑구,교육 서비스업,915,553,"7,925","2,482","5,443",745,"2,198",56,932,80,"4,528",34,267,847,"5,407",10,843,58,"1,675"
2019,중랑구,보건업 및 사회복지 서비스업,"1,031",461,"13,013","2,389","10,624",857,"7,267",8,148,69,"4,528",97,"1,070",974,"8,962",10,"2,013",47,"2,038"
2019,중랑구,예술 스포츠 및 여가관련 서비스업,968,413,"2,543","1,324","1,219",876,"1,769",16,114,23,430,53,230,948,"2,145",1,9,19,389
2019,중랑구,협회 및 단체 수리 및 기타 개인 서비스업,"2,753","1,463","5,018","2,312","2,706","2,136","3,256",30,431,94,317,493,"1,014","2,683","4,682",4,24,66,312
2019,성북구,제조업,"2,144",619,"7,873","3,721","4,152","2,005","6,698",131,"1,035",5,40,3,100,"2,119","7,546",14,206,11,121
2019,성북구,전기 가스 증기 및 공기조절 공급업,4,-,8,8,-,-,-,4,8,-,-,-,-,3,3,1,5,-,-
2019,성북구,수도 하수 및 폐기물 처리 원료 재생업,13,5,171,153,18,6,20,6,149,1,2,-,-,13,171,-,-,-,-
2019,성북구,건설업,575,90,"4,133","3,421",712,410,"1,127",161,"2,974",4,32,-,-,552,"3,296",13,499,10,338
2019,성북구,도매 및 소매업,"4,697","1,945","14,662","7,442","7,220","4,025","9,333",657,"5,253",14,65,1,11,"4,399","11,707",62,899,236,"2,056"
2019,성북구,운수 및 창고업,"3,557",165,"6,130","5,766",364,"3,510","3,745",34,"2,227",12,156,1,2,"3,539","5,370",4,590,14,170
2019,성북구,숙박 및 음식점업,"4,461","2,420","13,323","5,294","8,029","4,251","11,543",194,"1,669",14,107,2,4,"4,304","11,858",12,125,145,"1,340"
2019,성북구,정보통신업,241,49,"1,900","1,189",711,104,230,122,"1,203",14,464,1,3,223,"1,286",4,49,14,565
2019,성북구,금융 및 보험업,144,30,"1,576",758,818,23,57,67,"1,018",53,499,1,2,42,175,12,170,90,"1,231"
2019,성북구,부동산업,"1,203",501,"3,827","2,517","1,310",959,"1,405",86,"1,424",27,144,131,854,"1,158","2,522",12,"1,022",33,283
2019,성북구,전문 과학 및 기술 서비스업,480,89,"5,384","3,195","2,189",286,764,147,"1,783",38,"2,807",9,30,428,"1,752",21,"3,159",31,473
2019,성북구,사업시설 관리 사업 지원 및 임대 서비스업,264,77,"5,624","3,053","2,571",155,440,100,"4,809",9,375,-,-,228,"2,306",12,"2,337",24,981
2019,성북구,공공행정 국방 및 사회보장 행정,51,6,"3,308","2,142","1,166",-,-,-,-,51,"3,308",-,-,51,"3,308",-,-,-,-
2019,성북구,교육 서비스업,"1,368",812,"21,947","10,045","11,902","1,078","3,189",91,"1,048",180,"17,550",19,160,"1,212","8,047",16,"6,170",140,"7,730"
2019,성북구,보건업 및 사회복지 서비스업,"1,045",482,"13,249","2,459","10,790",731,"5,563",10,287,132,"4,921",172,"2,478",962,"9,175",18,363,65,"3,711"
2019,성북구,예술 스포츠 및 여가관련 서비스업,745,302,"2,323","1,235","1,088",660,"1,561",35,182,35,549,15,31,705,"1,822",3,16,37,485
2019,성북구,협회 및 단체 수리 및 기타 개인 서비스업,"2,625","1,330","5,567","2,577","2,990","2,026","3,273",22,269,142,698,435,"1,327","2,523","4,839",24,343,78,385
2019,강북구,제조업,"1,456",406,"5,864","2,654","3,210","1,380","5,086",72,707,4,71,-,-,"1,445","5,628",5,147,6,89
2019,강북구,전기 가스 증기 및 공기조절 공급업,3,2,84,56,28,1,1,1,1,1,82,-,-,2,2,-,-,1,82
2019,강북구,수도 하수 및 폐기물 처리 원료 재생업,8,1,338,286,52,1,1,6,172,1,165,-,-,8,338,-,-,-,-
2019,강북구,건설업,522,66,"2,198","1,798",400,402,981,118,"1,197",2,20,-,-,510,"2,011",2,15,10,172
2019,강북구,도매 및 소매업,"3,823","1,590","10,726","5,356","5,370","3,328","7,465",463,"3,154",21,71,11,36,"3,601","8,717",35,352,187,"1,657"
2019,강북구,운수 및 창고업,"3,108",143,"6,305","6,014",291,"3,057","3,342",38,"2,783",12,178,1,2,"3,085","5,188",4,688,19,429
2019,강북구,숙박 및 음식점업,"3,779","2,177","11,090","4,498","6,592","3,669","9,989",100,"1,062",3,13,7,26,"3,696","10,201",6,32,77,857
2019,강북구,정보통신업,117,20,759,382,377,56,142,50,494,10,120,1,3,99,366,4,60,14,333
2019,강북구,금융 및 보험업,282,71,"3,989","1,120","2,869",85,247,169,"3,378",28,364,-,-,118,567,5,165,159,"3,257"
2019,강북구,부동산업,811,317,"1,876","1,188",688,665,"1,088",62,360,8,27,76,401,787,"1,675",6,33,18,168
2019,강북구,전문 과학 및 기술 서비스업,314,57,"1,241",665,576,234,748,48,291,28,186,4,16,284,"1,002",7,61,23,178
2019,강북구,사업시설 관리 사업 지원 및 임대 서비스업,222,76,"3,737","1,280","2,457",137,366,76,"3,043",7,310,2,18,188,"2,080",8,40,26,"1,617"
2019,강북구,공공행정 국방 및 사회보장 행정,44,2,"3,108","1,916","1,192",-,-,-,-,44,"3,108",-,-,43,"3,102",-,-,1,6
2019,강북구,교육 서비스업,683,382,"5,911","1,945","3,966",564,"1,503",33,425,70,"3,825",16,158,631,"3,764",8,73,44,"2,074"
2019,강북구,보건업 및 사회복지 서비스업,816,307,"10,099","1,847","8,252",582,"5,122",2,23,58,"1,995",174,"2,959",774,"9,399",4,14,38,686
2019,강북구,예술 스포츠 및 여가관련 서비스업,751,366,"2,125","1,135",990,696,"1,481",17,105,26,518,12,21,725,"1,624",4,20,22,481
2019,강북구,협회 및 단체 수리 및 기타 개인 서비스업,"2,275","1,170","4,454","1,994","2,460","1,797","2,931",26,279,58,329,394,915,"2,229","4,055",6,105,40,294
2019,도봉구,농업 임업 및 어업,1,-,1,1,-,-,-,1,1,-,-,-,-,1,1,-,-,-,-
2019,도봉구,광업,1,-,1,1,-,-,-,1,1,-,-,-,-,1,1,-,-,-,-
2019,도봉구,제조업,945,266,"3,794","1,808","1,986",867,"3,122",73,635,5,37,-,-,935,"3,696",3,29,7,69
2019,도봉구,전기 가스 증기 및 공기조절 공급업,4,-,22,11,11,2,18,1,3,-,-,1,1,4,22,-,-,-,-
2019,도봉구,수도 하수 및 폐기물 처리 원료 재생업,8,2,94,80,14,1,4,7,90,-,-,-,-,7,91,-,-,1,3
2019,도봉구,건설업,486,81,"3,565","2,842",723,356,"1,151",130,"2,414",-,-,-,-,470,"3,289",8,82,8,194
2019,도봉구,도매 및 소매업,"3,367","1,401","10,797","5,363","5,434","2,928","6,873",420,"3,751",18,168,1,5,"3,152","8,115",20,295,195,"2,387"
2019,도봉구,운수 및 창고업,"5,002",156,"9,064","8,665",399,"4,948","5,080",46,"3,854",8,130,-,-,"4,987","8,432",2,348,13,284
2019,도봉구,숙박 및 음식점업,"2,814","1,591","8,203","3,136","5,067","2,720","7,289",84,813,9,98,1,3,"2,746","7,578",9,68,59,557
2019,도봉구,정보통신업,81,12,752,490,262,50,135,24,263,6,351,1,3,76,664,-,-,5,88
2019,도봉구,금융 및 보험업,119,19,"1,107",474,633,39,123,60,704,20,280,-,-,51,193,3,57,65,857
2019,도봉구,부동산업,808,320,"2,760","1,835",925,591,978,58,848,4,40,155,894,779,"2,271",2,294,27,195
2019,도봉구,전문 과학 및 기술 서비스업,337,59,"1,756",974,782,263,861,46,630,25,259,3,6,300,"1,108",9,371,28,277
2019,도봉구,사업시설 관리 사업 지원 및 임대 서비스업,181,51,"2,030","1,268",762,99,315,77,"1,685",4,26,1,4,150,620,8,"1,114",23,296
2019,도봉구,공공행정 국방 및 사회보장 행정,38,2,"3,892","2,318","1,574",-,-,-,-,38,"3,892",-,-,38,"3,892",-,-,-,-
2019,도봉구,교육 서비스업,926,552,"7,318","2,329","4,989",766,"1,934",60,762,70,"4,319",30,303,864,"5,387",7,51,55,"1,880"
2019,도봉구,보건업 및 사회복지 서비스업,824,394,"11,538","2,691","8,847",584,"4,541",6,85,64,"4,025",170,"2,887",767,"8,704",7,100,50,"2,734"
2019,도봉구,예술 스포츠 및 여가관련 서비스업,618,288,"1,778",951,827,579,"1,341",11,63,11,316,17,58,605,"1,476",1,2,12,300
2019,도봉구,협회 및 단체 수리 및 기타 개인 서비스업,"2,068","1,075","4,467","2,361","2,106","1,570","2,447",38,845,70,287,390,888,"2,015","3,829",4,39,49,599
2019,노원구,농업 임업 및 어업,1,-,1,1,-,-,-,-,-,1,1,-,-,-,-,-,-,1,1
2019,노원구,제조업,797,222,"3,533","1,884","1,649",660,"2,251",129,"1,152",6,123,2,7,767,"3,084",18,200,12,249
2019,노원구,전기 가스 증기 및 공기조절 공급업,8,-,288,242,46,1,1,4,146,3,141,-,-,1,1,-,-,7,287
2019,노원구,수도 하수 및 폐기물 처리 원료 재생업,19,6,234,203,31,5,20,14,214,-,-,-,-,15,113,1,3,3,118
2019,노원구,건설업,552,126,"2,508","1,916",592,392,"1,104",160,"1,404",-,-,-,-,537,"2,334",6,60,9,114
2019,노원구,도매 및 소매업,"4,965","2,266","15,458","7,146","8,312","4,158","9,818",782,"5,541",21,79,4,20,"4,454","11,391",45,445,466,"3,622"
2019,노원구,운수 및 창고업,"6,564",261,"11,955","11,375",580,"6,463","6,609",63,"4,531",38,815,-,-,"6,506","9,174",4,773,54,"2,008"
2019,노원구,숙박 및 음식점업,"4,278","2,356","14,520","5,773","8,747","4,056","12,297",194,"2,097",16,85,12,41,"4,108","12,673",15,96,155,"1,751"
2019,노원구,정보통신업,167,43,"1,082",663,419,74,155,77,600,15,320,1,7,152,742,3,10,12,330
2019,노원구,금융 및 보험업,230,50,"3,788","1,109","2,679",35,136,161,"3,147",33,502,1,3,53,517,3,21,174,"3,250"
2019,노원구,부동산업,"1,228",472,"4,465","2,964","1,501",853,"1,453",89,888,15,171,271,"1,953","1,178","3,778",4,34,46,653
2019,노원구,전문 과학 및 기술 서비스업,454,80,"2,771","1,528","1,243",290,821,135,"1,309",29,641,-,-,405,"1,742",19,579,30,450
2019,노원구,사업시설 관리 사업 지원 및 임대 서비스업,291,98,"4,375","2,007","2,368",173,545,104,"3,707",9,95,5,28,256,"3,192",9,555,26,628
2019,노원구,공공행정 국방 및 사회보장 행정,39,6,"3,533","2,200","1,333",-,-,-,-,39,"3,533",-,-,38,"3,463",-,-,1,70
2019,노원구,교육 서비스업,"1,936","1,050","20,143","8,028","12,115","1,566","4,810",147,"2,174",183,"12,606",40,553,"1,751","12,243",31,"1,333",154,"6,567"
2019,노원구,보건업 및 사회복지 서비스업,"1,445",691,"19,452","3,827","15,625","1,110","7,864",14,389,131,"7,321",190,"3,878","1,324","13,547",17,"1,614",104,"4,291"
2019,노원구,예술 스포츠 및 여가관련 서비스업,987,408,"3,200","1,775","1,425",903,"2,144",44,275,29,723,11,58,946,"2,824",6,18,35,358
2019,노원구,협회 및 단체 수리 및 기타 개인 서비스업,"2,657","1,441","5,378","2,352","3,026","2,051","3,590",25,353,90,291,491,"1,144","2,591","5,027",7,24,59,327
2019,은평구,제조업,868,252,"2,964","1,547","1,417",760,"2,108",94,725,12,122,2,9,846,"2,618",11,185,11,161
2019,은평구,전기 가스 증기 및 공기조절 공급업,4,-,162,132,30,-,-,1,58,3,104,-,-,1,13,-,-,3,149
2019,은평구,수도 하수 및 폐기물 처리 원료 재생업,14,3,240,198,42,4,7,10,233,-,-,-,-,14,240,-,-,-,-
2019,은평구,건설업,611,109,"4,405","3,664",741,383,"1,064",225,"3,331",3,10,-,-,592,"3,806",10,419,9,180
2019,은평구,도매 및 소매업,"4,815","2,157","15,220","7,186","8,034","4,159","9,682",628,"4,807",28,731,-,-,"4,428","11,357",45,939,342,"2,924"
2019,은평구,운수 및 창고업,"5,172",202,"8,809","8,354",455,"5,107","5,264",47,"3,203",18,342,-,-,"5,140","7,315",6,818,26,676
2019,은평구,숙박 및 음식점업,"4,331","2,452","12,965","5,020","7,945","4,136","11,100",179,"1,802",11,55,5,8,"4,180","11,339",7,91,144,"1,535"
2019,은평구,정보통신업,147,47,"1,223",774,449,71,146,58,784,17,291,1,2,135,727,2,175,10,321
2019,은평구,금융 및 보험업,153,33,"2,027",598,"1,429",15,27,90,"1,492",48,508,-,-,31,124,12,164,110,"1,739"
2019,은평구,부동산업,"1,492",643,"3,342","1,974","1,368","1,211","1,776",84,430,25,89,172,"1,047","1,465","3,159",3,13,24,170
2019,은평구,전문 과학 및 기술 서비스업,379,89,"1,894","1,046",848,284,738,63,504,27,641,5,11,354,"1,632",11,124,14,138
2019,은평구,사업시설 관리 사업 지원 및 임대 서비스업,224,77,"1,597",958,639,133,384,79,911,9,291,3,11,197,918,7,272,20,407
2019,은평구,공공행정 국방 및 사회보장 행정,52,8,"3,812","2,372","1,440",-,-,-,-,52,"3,812",-,-,50,"3,270",1,508,1,34
2019,은평구,교육 서비스업,"1,435",872,"10,374","3,145","7,229","1,201","3,212",71,755,132,"6,158",31,249,"1,349","7,317",21,665,65,"2,392"
2019,은평구,보건업 및 사회복지 서비스업,"1,198",526,"16,423","3,142","13,281",902,"7,844",4,72,132,"6,020",160,"2,487","1,093","11,985",12,84,93,"4,354"
2019,은평구,예술 스포츠 및 여가관련 서비스업,842,391,"2,515","1,260","1,255",769,"1,598",33,346,19,434,21,137,816,"2,001",-,-,26,514
2019,은평구,협회 및 단체 수리 및 기타 개인 서비스업,"2,944","1,674","5,659","2,460","3,199","2,277","3,636",32,281,87,388,548,"1,354","2,872","5,170",8,69,64,420
,,,,,,,,,,,,,,,,,,,,,
,,,,,,,,,,,,,,,,,,,,,
,,,,,,,,,,,,,,,,,,,,,
,,,,,,,,,,,,,,,,,,,,,
,,,,,,,,,,,,,,,,,,,,,
,,,,,,,,,,,,,,,,,,,,,
,,,,,,,,,,,,,,,,,,,,,
,,,,,,,,,,,,,,,,,,,,,
,,,,,,,,,,,,,,,,,,,,,
,,,,,,,,,,,,,,,,,,,,,
,,,,,,,,,,,,,,,,,,,,,
,,,,,,,,,,,,,,,,,,,,,
2019,서대문구,농업 임업 및 어업,1,1,1,-,1,-,-,1,1,-,-,-,-,1,1,-,-,-,-
2019,서대문구,제조업,666,192,"2,537","1,392","1,145",580,"1,594",81,816,4,126,1,1,642,"2,011",10,315,14,211
2019,서대문구,전기 가스 증기 및 공기조절 공급업,4,-,54,14,40,1,2,3,52,-,-,-,-,4,54,-,-,-,-
2019,서대문구,수도 하수 및 폐기물 처리 원료 재생업,12,2,561,436,125,4,28,6,161,2,372,-,-,11,511,1,50,-,-
2019,서대문구,건설업,510,73,"4,044","3,533",511,365,967,144,"3,076",1,1,-,-,498,"3,286",7,623,5,135
2019,서대문구,도매 및 소매업,"4,127","1,752","13,468","6,834","6,634","3,463","7,409",633,"5,852",29,205,2,2,"3,823","8,996",56,"2,170",248,"2,302"
2019,서대문구,운수 및 창고업,"2,981",102,"5,480","5,131",349,"2,889","3,031",80,"2,284",11,159,1,6,"2,954","4,995",6,216,21,269
2019,서대문구,숙박 및 음식점업,"4,321","2,243","14,232","5,998","8,234","3,992","11,241",312,"2,920",15,60,2,11,"4,069","12,014",17,127,235,"2,091"
2019,서대문구,정보통신업,476,122,"3,355","1,992","1,363",256,496,198,"2,331",19,521,3,7,447,"2,241",13,479,16,635
2019,서대문구,금융 및 보험업,184,36,"5,512","2,983","2,529",23,42,108,"4,846",52,622,1,2,57,751,15,"1,839",112,"2,922"
2019,서대문구,부동산업,"1,071",439,"2,746","1,733","1,013",813,"1,250",110,698,34,106,114,692,"1,016","2,280",16,222,39,244
2019,서대문구,전문 과학 및 기술 서비스업,655,163,"6,567","3,204","3,363",400,"1,077",202,"2,682",48,"2,802",5,6,595,"2,466",33,"2,933",27,"1,168"
2019,서대문구,사업시설 관리 사업 지원 및 임대 서비스업,424,127,"6,528","3,281","3,247",222,540,190,"5,928",8,46,4,14,375,"3,290",22,"2,177",27,"1,061"
2019,서대문구,공공행정 국방 및 사회보장 행정,43,2,"5,155","3,126","2,029",-,-,-,-,43,"5,155",-,-,41,"5,004",2,151,-,-
2019,서대문구,교육 서비스업,"1,116",640,"20,503","9,108","11,395",841,"2,328",105,"1,498",145,"16,455",25,222,971,"6,025",18,"1,512",127,"12,966"
2019,서대문구,보건업 및 사회복지 서비스업,778,318,"16,484","3,975","12,509",570,"3,921",5,59,93,"10,959",110,"1,545",704,"6,125",13,550,61,"9,809"
2019,서대문구,예술 스포츠 및 여가관련 서비스업,585,235,"1,824",981,843,517,"1,258",40,309,19,220,9,37,549,"1,540",10,103,26,181
2019,서대문구,협회 및 단체 수리 및 기타 개인 서비스업,"2,141","1,053","4,768","2,245","2,523","1,555","2,733",17,99,212,"1,089",357,847,"2,052","4,100",26,401,63,267
,,,,,,,,,,,,,,,,,,,,,"33,756"
2019,마포구,제조업,"1,226",330,"5,218","2,944","2,274",950,"2,650",275,"2,561",1,7,-,-,"1,163","3,956",40,"1,141",23,121
2019,마포구,전기 가스 증기 및 공기조절 공급업,11,-,485,406,79,1,1,6,213,4,271,-,-,6,19,-,-,5,466
2019,마포구,수도 하수 및 폐기물 처리 원료 재생업,30,4,361,330,31,5,8,13,248,12,105,-,-,28,350,2,11,-,-
2019,마포구,건설업,977,182,"13,648","11,436","2,212",455,"1,403",519,"12,233",3,12,-,-,910,"8,570",42,"4,442",25,636
2019,마포구,도매 및 소매업,"7,709","2,808","34,878","18,112","16,766","5,050","11,365","2,621","23,349",32,153,6,11,"6,788","21,024",296,"8,147",625,"5,707"
2019,마포구,운수 및 창고업,"2,914",204,"10,892","7,728","3,164","2,323","2,630",554,"7,351",34,905,3,6,"2,769","6,868",72,"2,667",73,"1,357"
2019,마포구,숙박 및 음식점업,"8,616","3,797","29,425","13,198","16,227","7,770","22,511",822,"6,798",15,68,9,48,"8,033","24,499",93,779,490,"4,147"
2019,마포구,정보통신업,"2,302",412,"36,841","22,586","14,255",858,"2,254","1,399","33,087",41,"1,490",4,10,"2,129","20,184",94,"10,154",79,"6,503"
2019,마포구,금융 및 보험업,495,74,"10,060","4,453","5,607",62,104,366,"8,826",64,"1,120",3,10,239,"2,083",35,"2,995",221,"4,982"
2019,마포구,부동산업,"2,073",715,"5,976","3,706","2,270","1,469","2,390",409,"2,255",34,272,161,"1,059","1,923","4,879",33,332,117,765
2019,마포구,전문 과학 및 기술 서비스업,"2,572",587,"20,235","12,151","8,084","1,231","3,202","1,158","15,403",177,"1,615",6,15,"2,261","10,498",165,"7,988",146,"1,749"
2019,마포구,사업시설 관리 사업 지원 및 임대 서비스업,"1,049",319,"33,887","17,233","16,654",330,"1,179",687,"31,910",20,710,12,88,896,"14,847",76,"17,160",77,"1,880"
2019,마포구,공공행정 국방 및 사회보장 행정,57,5,"4,909","2,995","1,914",-,-,-,-,57,"4,909",-,-,54,"4,389",-,-,3,520
2019,마포구,교육 서비스업,"1,842",988,"15,202","6,014","9,188","1,420","4,142",256,"3,305",129,"7,339",37,416,"1,686","9,133",35,"3,688",121,"2,381"
2019,마포구,보건업 및 사회복지 서비스업,"1,227",511,"10,843","2,053","8,790",963,"6,293",14,195,114,"2,240",136,"2,115","1,143","9,054",23,797,61,992
2019,마포구,예술 스포츠 및 여가관련 서비스업,"1,074",390,"4,607","2,689","1,918",850,"2,026",173,"1,443",39,"1,073",12,65,981,"3,356",17,515,76,736
2019,마포구,협회 및 단체 수리 및 기타 개인 서비스업,"3,116","1,593","9,809","4,524","5,285","2,332","4,805",67,938,288,"2,885",429,"1,181","2,978","8,170",52,825,86,814
,,,,,,,,,,,,,,,,,,,,,"19,006"
2019,양천구,제조업,"1,075",298,"4,524","2,422","2,102",922,"2,867",149,"1,613",4,44,-,-,"1,047","4,070",16,329,12,125
2019,양천구,전기 가스 증기 및 공기조절 공급업,2,-,268,187,81,-,-,-,-,2,268,-,-,-,-,1,183,1,85
2019,양천구,수도 하수 및 폐기물 처리 원료 재생업,21,3,469,388,81,2,4,17,303,2,162,-,-,17,379,2,5,2,85
2019,양천구,건설업,809,149,"8,832","7,517","1,315",515,"1,827",294,"7,005",-,-,-,-,793,"8,038",11,737,5,57
2019,양천구,도매 및 소매업,"5,087","2,111","17,160","8,941","8,219","4,109","9,709",957,"7,322",18,108,3,21,"4,683","12,455",70,"1,314",334,"3,391"
2019,양천구,운수 및 창고업,"5,017",282,"12,291","11,440",851,"4,788","5,171",214,"6,242",14,876,1,2,"4,964","10,111",21,801,32,"1,379"
2019,양천구,숙박 및 음식점업,"3,618","2,099","12,352","4,629","7,723","3,410","10,087",196,"2,183",6,33,6,49,"3,459","10,494",7,83,152,"1,775"
2019,양천구,정보통신업,261,60,"4,869","3,306","1,563",100,355,150,"3,789",9,721,2,4,236,"2,163",13,"2,188",12,518
2019,양천구,금융 및 보험업,205,47,"2,252",949,"1,303",34,52,131,"1,715",40,485,-,-,67,193,9,127,129,"1,932"
2019,양천구,부동산업,"1,334",604,"3,730","2,309","1,421","1,007","1,570",122,594,10,59,195,"1,507","1,277","3,360",11,91,46,279
2019,양천구,전문 과학 및 기술 서비스업,705,118,"3,207","1,872","1,335",495,"1,502",151,"1,125",54,569,5,11,640,"2,435",23,410,42,362
2019,양천구,사업시설 관리 사업 지원 및 임대 서비스업,330,114,"4,751","2,892","1,859",155,555,163,"3,894",8,285,4,17,277,"2,927",24,"1,021",29,803
2019,양천구,공공행정 국방 및 사회보장 행정,49,6,"6,768","4,226","2,542",-,-,-,-,46,"6,511",3,257,48,"6,758",-,-,1,10
2019,양천구,교육 서비스업,"2,385","1,338","15,334","4,942","10,392","1,965","5,108",282,"3,898",99,"5,917",39,411,"2,184","11,136",35,515,166,"3,683"
2019,양천구,보건업 및 사회복지 서비스업,"1,224",560,"15,435","2,731","12,704",946,"7,327",14,151,64,"4,743",200,"3,214","1,171","11,636",5,301,48,"3,498"
2019,양천구,예술 스포츠 및 여가관련 서비스업,981,436,"3,313","1,649","1,664",878,"2,037",60,452,22,609,21,215,930,"2,615",7,113,44,585
2019,양천구,협회 및 단체 수리 및 기타 개인 서비스업,"2,791","1,520","6,027","2,699","3,328","2,166","3,814",40,396,97,609,488,"1,208","2,719","5,319",18,269,54,439
,,,,,,,,,,,,,,,,,,,,,"46,921"
2019,강서구,농업 임업 및 어업,1,-,29,26,3,-,-,-,-,1,29,-,-,1,29,-,-,-,-
2019,강서구,광업,1,-,1,1,-,-,-,1,1,-,-,-,-,1,1,-,-,-,-
2019,강서구,제조업,"1,275",322,"7,317","4,266","3,051",880,"2,597",389,"4,640",6,80,-,-,"1,215","6,139",30,735,30,443
2019,강서구,전기 가스 증기 및 공기조절 공급업,10,1,515,454,61,2,2,5,373,3,140,-,-,6,14,1,361,3,140
2019,강서구,수도 하수 및 폐기물 처리 원료 재생업,45,3,696,585,111,6,34,31,644,8,18,-,-,36,587,2,32,7,77
2019,강서구,건설업,"1,258",209,"15,605","13,169","2,436",585,"1,840",672,"13,739",1,26,-,-,"1,191","13,111",33,940,34,"1,554"
2019,강서구,도매 및 소매업,"9,209","3,398","37,437","21,245","16,192","6,363","15,277","2,802","21,839",39,297,5,24,"8,421","26,617",170,"4,731",618,"6,089"
2019,강서구,운수 및 창고업,"7,280",402,"50,974","32,262","18,712","6,439","7,146",765,"41,989",72,"1,832",4,7,"7,041","17,359",96,"30,596",143,"3,019"
2019,강서구,숙박 및 음식점업,"6,106","3,349","22,192","8,572","13,620","5,699","17,427",398,"4,699",4,27,5,39,"5,796","18,415",21,255,289,"3,522"
2019,강서구,정보통신업,906,145,"11,620","8,202","3,418",299,777,594,"10,502",10,330,3,11,855,"6,680",23,"4,103",28,837
2019,강서구,금융 및 보험업,362,69,"4,682","1,813","2,869",47,125,260,"3,579",55,978,-,-,142,727,19,418,201,"3,537"
2019,강서구,부동산업,"2,154",785,"8,781","5,843","2,938","1,423","2,471",432,"4,539",26,257,273,"1,514","1,970","5,091",22,"2,269",162,"1,421"
2019,강서구,전문 과학 및 기술 서비스업,"1,393",251,"25,339","18,245","7,094",719,"1,922",591,"21,901",77,"1,507",6,9,"1,166","4,969",86,"5,292",141,"15,078"
2019,강서구,사업시설 관리 사업 지원 및 임대 서비스업,765,207,"17,798","9,678","8,120",290,"1,164",458,"16,222",11,362,6,50,621,"9,840",45,"5,098",99,"2,860"
2019,강서구,공공행정 국방 및 사회보장 행정,58,10,"3,971","2,353","1,618",-,-,-,-,58,"3,971",-,-,56,"3,684",1,210,1,77
2019,강서구,교육 서비스업,"1,870","1,153","14,191","4,552","9,639","1,563","4,692",134,"1,575",141,"7,608",32,316,"1,742","10,500",18,460,110,"3,231"
2019,강서구,보건업 및 사회복지 서비스업,"1,646",759,"22,593","3,904","18,689","1,270","11,176",12,448,109,"5,517",255,"5,452","1,556","18,358",16,735,74,"3,500"
2019,강서구,예술 스포츠 및 여가관련 서비스업,"1,266",543,"4,083","2,152","1,931","1,095","2,489",86,680,37,670,48,244,"1,212","3,523",8,128,46,432
2019,강서구,협회 및 단체 수리 및 기타 개인 서비스업,"3,853","2,013","9,670","4,887","4,783","2,933","5,498",114,"1,798",159,996,647,"1,378","3,744","8,190",19,376,90,"1,104"
,,,,,,,,,,,,,,,,,,,,,"30,612"
2019,구로구,농업 임업 및 어업,1,-,20,16,4,-,-,1,20,-,-,-,-,1,20,-,-,-,-
2019,구로구,광업,1,-,1,1,-,-,-,1,1,-,-,-,-,-,-,-,-,1,1
2019,구로구,제조업,"3,609",524,"18,469","12,801","5,668","2,622","7,083",980,"11,287",5,71,2,28,"3,427","14,212",109,"3,202",73,"1,055"
2019,구로구,전기 가스 증기 및 공기조절 공급업,9,1,129,120,9,-,-,8,125,1,4,-,-,6,10,1,91,2,28
2019,구로구,수도 하수 및 폐기물 처리 원료 재생업,23,1,446,362,84,3,9,13,320,7,117,-,-,19,163,3,180,1,103
2019,구로구,건설업,"1,061",170,"13,365","11,421","1,944",542,"1,939",515,"11,410",3,13,1,3,999,"10,084",33,"2,294",29,987
2019,구로구,도매 및 소매업,"11,694","3,363","39,383","23,883","15,500","8,164","17,372","3,498","21,841",23,126,9,44,"10,837","30,446",273,"4,509",584,"4,428"
2019,구로구,운수 및 창고업,"4,907",228,"9,242","8,374",868,"4,741","5,105",132,"2,732",31,"1,358",3,47,"4,847","6,949",12,483,48,"1,810"
2019,구로구,숙박 및 음식점업,"4,726","2,724","15,112","5,578","9,534","4,486","12,727",227,"2,309",8,42,5,34,"4,546","13,392",12,130,168,"1,590"
2019,구로구,정보통신업,"2,165",307,"30,396","21,165","9,231",458,"1,252","1,687","28,671",17,454,3,19,"1,947","22,861",121,"5,869",97,"1,666"
2019,구로구,금융 및 보험업,523,115,"8,459","3,198","5,261",117,243,332,"7,351",73,864,1,1,251,972,31,"1,440",241,"6,047"
2019,구로구,부동산업,"1,541",536,"4,573","2,873","1,700",924,"1,529",375,"1,463",16,73,226,"1,508","1,447","3,982",12,41,82,550
2019,구로구,전문 과학 및 기술 서비스업,"1,642",252,"15,569","10,460","5,109",757,"2,303",770,"11,698",109,"1,559",6,9,"1,389","8,473",120,"4,906",133,"2,190"
2019,구로구,사업시설 관리 사업 지원 및 임대 서비스업,744,223,"28,314","13,290","15,024",300,845,414,"27,235",11,81,19,153,605,"7,794",47,"16,648",92,"3,872"
2019,구로구,공공행정 국방 및 사회보장 행정,45,6,"3,932","2,701","1,231",-,-,-,-,45,"3,932",-,-,44,"3,921",-,-,1,11
2019,구로구,교육 서비스업,"1,275",712,"11,778","4,086","7,692",953,"2,664",161,"2,639",117,"6,130",44,345,"1,181","8,416",23,"1,618",71,"1,744"
2019,구로구,보건업 및 사회복지 서비스업,"1,152",532,"15,997","3,033","12,964",887,"7,786",9,163,83,"4,313",173,"3,735","1,101","12,312",11,445,40,"3,240"
2019,구로구,예술 스포츠 및 여가관련 서비스업,972,445,"2,943","1,542","1,401",861,"1,965",52,494,35,397,24,87,932,"2,474",4,101,36,368
2019,구로구,협회 및 단체 수리 및 기타 개인 서비스업,"2,666","1,372","7,540","3,818","3,722","2,012","3,658",74,"1,322",126,863,454,"1,697","2,578","6,234",17,384,71,922
,,,,,,,,,,,,,,,,,,,,,"32,443"
2019,금천구,제조업,"5,401","1,024","40,538","26,299","14,239","3,239","11,830","2,147","28,479",13,208,2,21,"4,995","31,082",221,"6,802",185,"2,654"
2019,금천구,전기 가스 증기 및 공기조절 공급업,11,1,89,62,27,3,3,7,11,1,75,-,-,10,14,-,-,1,75
2019,금천구,수도 하수 및 폐기물 처리 원료 재생업,28,2,286,256,30,5,9,16,201,7,76,-,-,25,253,2,32,1,1
2019,금천구,건설업,"1,141",179,"16,576","14,497","2,079",493,"1,578",646,"14,994",2,4,-,-,"1,043","11,872",50,"4,140",48,564
2019,금천구,도매 및 소매업,"9,264","2,724","41,416","24,830","16,586","5,633","12,407","3,611","28,929",18,75,2,5,"8,347","27,978",310,"7,925",607,"5,513"
2019,금천구,운수 및 창고업,"2,903",175,"8,999","7,766","1,233","2,633","3,533",232,"5,131",28,258,10,77,"2,814","6,690",20,"1,006",69,"1,303"
2019,금천구,숙박 및 음식점업,"3,435","2,011","10,808","3,703","7,105","3,252","9,066",174,"1,679",4,30,5,33,"3,300","9,487",9,85,126,"1,236"
2019,금천구,정보통신업,"2,902",432,"39,393","26,909","12,484",670,"1,771","2,221","37,544",9,74,2,4,"2,647","26,567",123,"8,111",132,"4,715"
2019,금천구,금융 및 보험업,257,46,"2,437","1,230","1,207",46,102,160,"1,682",49,647,2,6,131,614,11,220,115,"1,603"
2019,금천구,부동산업,"1,218",384,"3,401","2,173","1,228",757,"1,211",388,"1,856",10,20,63,314,"1,118","2,447",28,240,72,714
2019,금천구,전문 과학 및 기술 서비스업,"2,482",408,"31,136","21,555","9,581",995,"3,231","1,355","25,963",125,"1,922",7,20,"2,055","15,865",195,"7,947",232,"7,324"
2019,금천구,사업시설 관리 사업 지원 및 임대 서비스업,738,161,"23,836","12,115","11,721",240,889,450,"22,268",11,220,37,459,551,"10,455",58,"9,034",129,"4,347"
2019,금천구,공공행정 국방 및 사회보장 행정,34,6,"2,379","1,447",932,-,-,-,-,32,"2,369",2,10,32,"2,330",-,-,2,49
2019,금천구,교육 서비스업,732,367,"6,310","2,230","4,080",504,"1,424",126,"1,773",76,"2,819",26,294,673,"4,583",22,887,37,840
2019,금천구,보건업 및 사회복지 서비스업,713,285,"7,989","1,567","6,422",471,"3,878",9,105,63,"1,718",170,"2,288",670,"6,898",8,469,35,622
2019,금천구,예술 스포츠 및 여가관련 서비스업,599,278,"1,584",813,771,532,"1,045",39,347,15,164,13,28,572,"1,270",3,41,24,273
2019,금천구,협회 및 단체 수리 및 기타 개인 서비스업,"1,956",876,"5,509","3,137","2,372","1,379","2,395",85,"1,464",133,879,359,771,"1,871","4,159",23,740,62,610
,,,,,,,,,,,,,,,,,,,,,"49,674"
2019,영등포구,광업,2,-,4,4,-,-,-,2,4,-,-,-,-,1,3,1,1,-,-
2019,영등포구,제조업,"3,742",577,"13,245","9,362","3,883","3,160","7,500",577,"5,631",5,114,-,-,"3,615","11,007",64,"1,253",63,985
2019,영등포구,전기 가스 증기 및 공기조절 공급업,12,1,775,579,196,1,1,7,245,4,529,-,-,6,9,1,199,5,567
2019,영등포구,수도 하수 및 폐기물 처리 원료 재생업,26,1,458,410,48,4,6,18,342,4,110,-,-,21,382,1,6,4,70
2019,영등포구,건설업,"1,324",239,"21,509","18,293","3,216",632,"1,839",689,"19,624",2,43,1,3,"1,234","14,051",55,"6,759",35,699
2019,영등포구,도매 및 소매업,"10,905","3,410","52,966","31,445","21,521","7,533","16,236","3,319","35,996",48,700,5,34,"9,762","30,328",355,"14,587",788,"8,051"
2019,영등포구,운수 및 창고업,"4,167",210,"10,822","8,514","2,308","3,745","4,172",335,"5,782",80,817,7,51,"3,989","7,386",64,"2,169",114,"1,267"
2019,영등포구,숙박 및 음식점업,"6,954","3,732","27,259","10,405","16,854","6,203","18,645",731,"8,439",17,153,3,22,"6,363","20,580",37,440,554,"6,239"
2019,영등포구,정보통신업,"1,632",267,"30,169","21,653","8,516",455,"1,091","1,144","24,149",29,"4,913",4,16,"1,484","17,145",84,"11,542",64,"1,482"
2019,영등포구,금융 및 보험업,"1,327",199,"58,819","35,208","23,611",157,315,"1,044","49,731",123,"8,753",3,20,819,"10,145",123,"36,406",385,"12,268"
2019,영등포구,부동산업,"2,039",630,"10,064","6,835","3,229","1,252","2,223",492,"5,457",44,293,251,"2,091","1,857","6,253",56,"2,092",126,"1,719"
2019,영등포구,전문 과학 및 기술 서비스업,"2,457",450,"35,724","23,421","12,303","1,053","3,036","1,121","24,503",274,"8,160",9,25,"2,043","14,128",207,"18,298",207,"3,298"
2019,영등포구,사업시설 관리 사업 지원 및 임대 서비스업,"1,073",288,"59,601","29,158","30,443",395,"1,005",647,"56,832",19,347,12,"1,417",857,"20,735",105,"33,059",111,"5,807"
2019,영등포구,공공행정 국방 및 사회보장 행정,69,13,"9,354","6,527","2,827",-,-,-,-,69,"9,354",-,-,67,"9,338",-,-,2,16
2019,영등포구,교육 서비스업,"1,226",664,"8,938","2,929","6,009",923,"2,543",141,"1,582",121,"4,441",41,372,"1,135","6,931",28,996,63,"1,011"
2019,영등포구,보건업 및 사회복지 서비스업,"1,218",477,"17,689","3,988","13,701",943,"7,965",12,413,92,"6,643",171,"2,668","1,151","12,722",24,823,43,"4,144"
2019,영등포구,예술 스포츠 및 여가관련 서비스업,"1,165",522,"4,209","2,227","1,982","1,013","2,063",96,949,40,"1,130",16,67,"1,107","3,376",11,195,47,638
2019,영등포구,협회 및 단체 수리 및 기타 개인 서비스업,"3,032","1,291","11,873","6,692","5,181","2,157","4,294",97,"2,232",378,"3,383",400,"1,964","2,851","8,136",90,"2,324",91,"1,413"
,,,,,,,,,,,,,,,,,,,,,"17,395"
2019,동작구,제조업,596,208,"2,095",994,"1,101",534,"1,313",58,690,4,92,-,-,584,"1,742",7,164,5,189
2019,동작구,전기 가스 증기 및 공기조절 공급업,3,-,118,90,28,1,1,1,36,1,81,-,-,1,1,-,-,2,117
2019,동작구,수도 하수 및 폐기물 처리 원료 재생업,14,-,421,368,53,2,4,9,248,3,169,-,-,13,387,1,34,-,-
2019,동작구,건설업,585,68,"5,972","5,370",602,407,"1,212",178,"4,760",-,-,-,-,568,"4,788",7,"1,025",10,159
2019,동작구,도매 및 소매업,"4,285","1,767","14,001","7,269","6,732","3,674","8,864",591,"4,929",20,208,-,-,"4,011","11,072",66,"1,159",208,"1,770"
2019,동작구,운수 및 창고업,"2,231",109,"3,644","3,355",289,"2,180","2,453",34,521,16,550,1,120,"2,204","3,028",2,19,25,597
2019,동작구,숙박 및 음식점업,"4,153","2,175","13,252","5,381","7,871","3,955","11,416",184,"1,746",7,57,7,33,"4,016","11,941",7,58,130,"1,253"
2019,동작구,정보통신업,227,48,"4,172","2,578","1,594",86,187,128,"3,732",11,244,2,9,195,"1,430",13,"2,304",19,438
2019,동작구,금융 및 보험업,178,33,"3,284","1,523","1,761",13,20,115,"2,591",50,673,-,-,43,222,13,446,122,"2,616"
2019,동작구,부동산업,"1,297",463,"5,656","2,612","3,044",994,"1,647",126,"2,801",23,110,154,"1,098","1,252","4,827",13,332,32,497
2019,동작구,전문 과학 및 기술 서비스업,459,88,"6,440","3,996","2,444",263,708,160,"4,648",35,"1,080",1,4,387,"1,513",33,"4,312",39,615
2019,동작구,사업시설 관리 사업 지원 및 임대 서비스업,317,99,"6,883","3,391","3,492",193,463,113,"6,345",8,60,3,15,272,"3,561",14,"1,566",31,"1,756"
2019,동작구,공공행정 국방 및 사회보장 행정,43,13,"3,792","2,186","1,606",-,-,-,-,43,"3,792",-,-,43,"3,792",-,-,-,-
2019,동작구,교육 서비스업,"1,264",699,"14,114","6,050","8,064",966,"2,644",145,"2,128",127,"9,109",26,233,"1,104","6,560",19,"4,523",141,"3,031"
2019,동작구,보건업 및 사회복지 서비스업,"1,021",453,"13,956","2,852","11,104",754,"4,900",5,185,95,"6,250",167,"2,621",947,"10,217",11,426,63,"3,313"
2019,동작구,예술 스포츠 및 여가관련 서비스업,810,336,"3,024","1,648","1,376",730,"1,751",43,264,23,959,14,50,777,"2,461",4,92,29,471
2019,동작구,협회 및 단체 수리 및 기타 개인 서비스업,"2,310","1,210","5,335","2,634","2,701","1,766","2,987",22,447,113,825,409,"1,076","2,240","4,548",15,214,55,573
,,,,,,,,,,,,,,,,,,,,,"13,711"
2019,관악구,제조업,"1,185",362,"4,492","2,179","2,313","1,067","3,291",114,"1,178",2,10,2,13,"1,169","4,023",9,417,7,52
2019,관악구,전기 가스 증기 및 공기조절 공급업,1,1,4,2,2,-,-,1,4,-,-,-,-,1,4,-,-,-,-
2019,관악구,수도 하수 및 폐기물 처리 원료 재생업,9,1,170,151,19,2,3,7,167,-,-,-,-,8,127,1,43,-,-
2019,관악구,건설업,709,95,"9,225","8,042","1,183",475,"1,484",234,"7,741",-,-,-,-,686,"8,355",9,399,14,471
2019,관악구,도매 및 소매업,"5,047","2,194","15,299","7,711","7,588","4,301","10,373",716,"4,784",27,137,3,5,"4,635","12,120",54,882,358,"2,297"
2019,관악구,운수 및 창고업,"3,414",147,"5,480","5,214",266,"3,361","3,650",41,"1,713",12,117,-,-,"3,391","4,744",2,423,21,313
2019,관악구,숙박 및 음식점업,"5,662","2,981","17,812","7,536","10,276","5,438","15,326",209,"1,949",12,530,3,7,"5,496","15,758",17,365,149,"1,689"
2019,관악구,정보통신업,265,46,"3,036","2,208",828,113,303,132,"2,462",16,253,4,18,243,"2,019",7,171,15,846
2019,관악구,금융 및 보험업,167,24,"1,966",946,"1,020",21,34,94,"1,289",52,643,-,-,59,404,7,221,101,"1,341"
2019,관악구,부동산업,"1,480",452,"4,259","2,807","1,452","1,250","2,631",117,867,11,46,102,715,"1,431","3,678",12,259,37,322
2019,관악구,전문 과학 및 기술 서비스업,645,107,"4,958","2,917","2,041",369,"1,059",154,"2,514",115,"1,354",7,31,527,"2,377",25,"1,116",93,"1,465"
2019,관악구,사업시설 관리 사업 지원 및 임대 서비스업,367,115,"5,654","3,042","2,612",214,647,133,"4,755",12,211,8,41,307,"2,489",17,"1,705",43,"1,460"
2019,관악구,공공행정 국방 및 사회보장 행정,48,12,"3,273","2,173","1,100",-,-,-,-,48,"3,273",-,-,47,"3,267",-,-,1,6
2019,관악구,교육 서비스업,"1,207",674,"16,475","7,290","9,185",941,"2,737",109,"1,433",122,"12,058",35,247,"1,093","6,861",24,"8,042",90,"1,572"
2019,관악구,보건업 및 사회복지 서비스업,"1,179",474,"13,504","2,686","10,818",891,"7,264",11,311,80,"1,365",197,"4,564","1,113","12,341",14,261,52,902
2019,관악구,예술 스포츠 및 여가관련 서비스업,"1,061",452,"3,406","1,827","1,579",961,"2,269",51,465,26,577,23,95,"1,010","2,696",9,144,42,566
2019,관악구,협회 및 단체 수리 및 기타 개인 서비스업,"3,059","1,550","6,316","2,953","3,363","2,368","4,085",37,331,103,551,551,"1,349","2,973","5,690",11,217,75,409
,,,,,,,,,,,,,,,,,,,,,"74,712"
2019,서초구,농업 임업 및 어업,3,1,39,30,9,-,-,3,39,-,-,-,-,3,39,-,-,-,-
2019,서초구,광업,3,-,8,7,1,-,-,3,8,-,-,-,-,2,3,1,5,-,-
2019,서초구,제조업,"1,068",339,"6,093","3,486","2,607",611,"1,469",452,"4,567",5,57,-,-,962,"3,696",53,"1,913",53,484
2019,서초구,전기 가스 증기 및 공기조절 공급업,18,5,224,175,49,-,-,13,36,4,183,1,5,14,41,-,-,4,183
2019,서초구,수도 하수 및 폐기물 처리 원료 재생업,18,1,305,274,31,1,9,14,290,3,6,-,-,14,243,1,51,3,11
2019,서초구,건설업,"1,603",233,"62,873","55,788","7,085",484,"1,520","1,116","61,343",3,10,-,-,"1,419","34,234",107,"20,909",77,"7,730"
2019,서초구,도매 및 소매업,"11,890","4,101","66,616","39,299","27,317","7,152","15,018","4,672","50,988",62,574,4,36,"10,515","33,126",518,"20,852",857,"12,638"
2019,서초구,운수 및 창고업,"1,611",168,"10,027","8,608","1,419","1,232","1,524",359,"7,497",18,960,2,46,"1,477","5,124",42,"1,869",92,"3,034"
2019,서초구,숙박 및 음식점업,"6,554","3,229","31,160","12,845","18,315","5,562","19,428",962,"11,455",18,218,12,59,"5,820","22,497",66,829,668,"7,834"
2019,서초구,정보통신업,"2,286",364,"32,357","22,469","9,888",531,"1,146","1,714","30,058",37,"1,143",4,10,"2,098","20,552",92,"8,206",96,"3,599"
2019,서초구,금융 및 보험업,990,173,"17,835","9,972","7,863",118,198,779,"16,223",89,"1,384",4,30,556,"3,447",47,"7,705",387,"6,683"
2019,서초구,부동산업,"3,508",983,"14,516","9,599","4,917","1,994","3,988","1,161","7,488",55,262,298,"2,778","3,227","10,190",105,"2,433",176,"1,893"
2019,서초구,전문 과학 및 기술 서비스업,"6,892","1,034","68,949","44,330","24,619","3,422","10,632","2,343","42,208","1,109","15,950",18,159,"5,883","33,724",562,"21,361",447,"13,864"
2019,서초구,사업시설 관리 사업 지원 및 임대 서비스업,"1,328",386,"52,336","24,321","28,015",480,"1,210",816,"50,862",9,73,23,191,"1,104","18,757",116,"31,037",108,"2,542"
2019,서초구,공공행정 국방 및 사회보장 행정,67,14,"11,410","6,495","4,915",-,-,-,-,66,"11,378",1,32,63,"10,460",1,700,3,250
2019,서초구,교육 서비스업,"2,688","1,406","22,768","8,304","14,464","1,897","5,449",566,"8,533",176,"8,442",49,344,"2,398","14,057",92,"3,435",198,"5,276"
2019,서초구,보건업 및 사회복지 서비스업,"1,663",643,"21,162","4,520","16,642","1,424","11,383",27,179,110,"8,206",102,"1,394","1,579","13,809",18,738,66,"6,615"
2019,서초구,예술 스포츠 및 여가관련 서비스업,"1,343",534,"7,649","3,883","3,766","1,064","2,556",184,"2,524",53,"2,300",42,269,"1,268","5,730",18,"1,316",57,603
2019,서초구,협회 및 단체 수리 및 기타 개인 서비스업,"3,407","1,539","12,658","6,742","5,916","2,345","5,237",155,"2,505",423,"2,944",484,"1,972","3,217","9,671",79,"1,514",111,"1,473"
,,,,,,,,,,,,,,,,,,,,,"115,340"
2019,강남구,농업 임업 및 어업,5,1,36,29,7,-,-,5,36,-,-,-,-,5,36,-,-,-,-
2019,강남구,광업,3,-,3,3,-,-,-,3,3,-,-,-,-,2,2,1,1,-,-
2019,강남구,제조업,"1,650",509,"16,875","8,528","8,347",889,"2,340",755,"14,460",3,49,3,26,"1,437","5,787",150,"8,971",63,"2,117"
2019,강남구,전기 가스 증기 및 공기조절 공급업,58,5,"1,169",942,227,-,-,53,944,5,225,-,-,44,101,5,634,9,434
2019,강남구,수도 하수 및 폐기물 처리 원료 재생업,22,1,827,702,125,2,3,19,691,1,133,-,-,17,658,3,95,2,74
2019,강남구,건설업,"1,809",311,"46,663","39,497","7,166",501,"1,729","1,304","44,921",4,13,-,-,"1,596","27,512",134,"16,223",79,"2,928"
2019,강남구,도매 및 소매업,"16,401","5,722","143,936","78,647","65,289","8,026","19,333","8,318","124,314",49,234,8,55,"13,354","55,487","1,230","58,247","1,817","30,202"
2019,강남구,운수 및 창고업,"3,193",177,"11,337","9,003","2,334","2,706","3,314",346,"6,272",131,"1,690",10,61,"2,942","7,201",93,"2,369",158,"1,767"
2019,강남구,숙박 및 음식점업,"11,037","4,860","59,357","26,665","32,692","8,898","34,790","2,116","24,465",15,71,8,31,"9,516","40,238",214,"4,191","1,307","14,928"
2019,강남구,정보통신업,"4,199",656,"59,034","38,741","20,293",799,"1,924","3,357","55,919",36,"1,132",7,59,"3,895","40,995",188,"12,998",116,"5,041"
2019,강남구,금융 및 보험업,"1,958",311,"32,538","18,169","14,369",238,478,"1,560","28,394",133,"3,524",27,142,"1,257","8,271",90,"12,161",611,"12,106"
2019,강남구,부동산업,"6,027","1,641","30,802","20,069","10,733","3,170","6,660","2,444","19,319",71,"1,628",342,"3,195","5,417","20,232",219,"6,429",391,"4,141"
2019,강남구,전문 과학 및 기술 서비스업,"8,842","1,645","110,363","68,350","42,013","3,289","11,067","4,626","75,577",881,"23,494",46,225,"7,542","62,878",746,"38,371",554,"9,114"
2019,강남구,사업시설 관리 사업 지원 및 임대 서비스업,"1,938",566,"76,627","40,155","36,472",610,"2,339","1,293","73,521",21,692,14,75,"1,630","28,484",168,"38,508",140,"9,635"
2019,강남구,공공행정 국방 및 사회보장 행정,58,9,"6,202","3,426","2,776",-,-,-,-,57,"6,198",1,4,55,"6,057",-,-,3,145
2019,강남구,교육 서비스업,"3,903","1,860","29,778","11,572","18,206","2,578","8,170","1,103","13,956",177,"7,255",45,397,"3,350","18,262",164,"4,974",389,"6,542"
2019,강남구,보건업 및 사회복지 서비스업,"3,042",864,"42,029","9,123","32,906","2,712","25,510",58,691,140,"13,867",132,"1,961","2,914","28,759",31,"1,190",97,"12,080"
2019,강남구,예술 스포츠 및 여가관련 서비스업,"1,840",635,"9,120","5,141","3,979","1,398","3,924",367,"3,899",47,"1,176",28,121,"1,684","6,036",41,"1,081",115,"2,003"
2019,강남구,협회 및 단체 수리 및 기타 개인 서비스업,"5,042","2,484","22,144","9,122","13,022","3,750","11,577",300,"5,188",466,"3,467",526,"1,912","4,810","17,578",82,"2,483",150,"2,083"
,,,,,,,,,,,,,,,,,,,,,"56,529"
2019,송파구,농업 임업 및 어업,6,-,276,230,46,-,-,3,98,3,178,-,-,3,10,2,264,1,2
2019,송파구,광업,1,-,6,4,2,-,-,1,6,-,-,-,-,1,6,-,-,-,-
2019,송파구,제조업,"1,534",380,"9,324","5,815","3,509","1,017","2,631",506,"6,637",9,48,2,8,"1,407","5,865",77,"2,884",50,575
2019,송파구,전기 가스 증기 및 공기조절 공급업,10,2,26,20,6,1,3,9,23,-,-,-,-,10,26,-,-,-,-
2019,송파구,수도 하수 및 폐기물 처리 원료 재생업,29,4,578,521,57,-,-,19,531,10,47,-,-,26,457,2,118,1,3
2019,송파구,건설업,"1,851",280,"40,900","35,763","5,137",718,"2,525","1,130","38,359",3,16,-,-,"1,716","31,166",75,"7,928",60,"1,806"
2019,송파구,도매 및 소매업,"13,699","4,877","63,804","36,516","27,288","8,040","18,618","5,606","44,835",43,315,10,36,"12,270","38,358",432,"14,050",997,"11,396"
2019,송파구,운수 및 창고업,"5,836",296,"14,813","13,668","1,145","5,608","5,923",183,"7,782",43,"1,088",2,20,"5,746","10,796",28,"2,335",62,"1,682"
2019,송파구,숙박 및 음식점업,"7,461","3,785","30,248","12,666","17,582","6,628","20,972",822,"9,165",6,79,5,32,"6,857","22,409",52,634,552,"7,205"
2019,송파구,정보통신업,939,160,"27,920","20,752","7,168",237,545,679,"26,745",21,628,2,2,854,"10,805",45,"15,662",40,"1,453"
2019,송파구,금융 및 보험업,546,94,"9,047","4,502","4,545",73,207,396,"5,585",77,"3,255",-,-,231,"1,140",13,"1,975",302,"5,932"
2019,송파구,부동산업,"2,725",954,"12,871","8,169","4,702","1,871","3,527",578,"6,564",29,633,247,"2,147","2,610","8,868",50,"2,780",65,"1,223"
2019,송파구,전문 과학 및 기술 서비스업,"2,754",456,"30,886","21,573","9,313","1,282","4,129","1,258","24,866",206,"1,867",8,24,"2,319","15,860",202,"9,303",233,"5,723"
2019,송파구,사업시설 관리 사업 지원 및 임대 서비스업,862,239,"24,285","13,916","10,369",340,"1,182",503,"22,832",11,36,8,235,719,"13,115",61,"8,768",82,"2,402"
2019,송파구,공공행정 국방 및 사회보장 행정,72,6,"7,786","4,736","3,050",-,-,-,-,71,"7,768",1,18,71,"7,304",1,482,-,-
2019,송파구,교육 서비스업,"2,400","1,384","20,169","6,942","13,227","1,911","6,146",285,"3,643",144,"9,665",60,715,"2,199","14,793",45,"1,594",156,"3,782"
2019,송파구,보건업 및 사회복지 서비스업,"1,876",832,"28,837","6,338","22,499","1,556","11,251",20,418,96,"12,055",204,"5,113","1,802","18,192",16,560,58,"10,085"
2019,송파구,예술 스포츠 및 여가관련 서비스업,"1,726",712,"8,720","4,911","3,809","1,473","3,402",125,"3,125",83,"1,947",45,246,"1,642","5,158",23,"1,193",61,"2,369"
2019,송파구,협회 및 단체 수리 및 기타 개인 서비스업,"4,317","2,214","10,705","5,171","5,534","3,282","6,407",100,"1,239",272,"1,428",663,"1,631","4,171","9,297",29,517,117,891
,,,,,,,,,,,,,,,,,,,,,"21,071"
2019,강동구,제조업,"1,292",325,"4,855","2,728","2,127","1,110","3,047",176,"1,744",5,63,1,1,"1,255","4,246",22,457,15,152
2019,강동구,전기 가스 증기 및 공기조절 공급업,1,-,4,4,-,-,-,1,4,-,-,-,-,-,-,-,-,1,4
2019,강동구,수도 하수 및 폐기물 처리 원료 재생업,17,4,513,415,98,4,11,9,228,4,274,-,-,16,511,-,-,1,2
2019,강동구,건설업,989,135,"16,944","14,480","2,464",577,"2,229",409,"14,701",3,14,-,-,952,"8,724",20,"7,868",17,352
2019,강동구,도매 및 소매업,"6,425","2,684","23,661","12,293","11,368","5,204","12,037","1,191","11,447",29,175,1,2,"5,918","16,133",115,"4,007",392,"3,521"
2019,강동구,운수 및 창고업,"5,417",183,"9,366","8,846",520,"5,314","5,612",72,"3,158",31,596,-,-,"5,366","8,134",4,497,47,735
2019,강동구,숙박 및 음식점업,"4,879","2,625","15,636","6,221","9,415","4,626","13,477",233,"2,059",14,59,6,41,"4,684","13,880",10,79,185,"1,677"
2019,강동구,정보통신업,204,30,"1,783","1,191",592,89,219,104,"1,330",9,223,2,11,185,"1,036",10,551,9,196
2019,강동구,금융 및 보험업,236,38,"3,273","1,170","2,103",38,116,152,"2,527",46,630,-,-,64,310,8,287,164,"2,676"
2019,강동구,부동산업,"1,779",677,"4,878","3,062","1,816","1,370","2,377",189,"1,190",29,102,191,"1,209","1,706","4,096",8,58,65,724
2019,강동구,전문 과학 및 기술 서비스업,617,102,"7,004","5,005","1,999",378,"1,107",194,"5,631",38,253,7,13,535,"2,499",35,"4,013",47,492
2019,강동구,사업시설 관리 사업 지원 및 임대 서비스업,453,134,"12,153","5,812","6,341",238,661,202,"11,425",10,59,3,8,387,"4,804",26,"6,394",40,955
2019,강동구,공공행정 국방 및 사회보장 행정,45,5,"2,733","1,672","1,061",-,-,-,-,45,"2,733",-,-,43,"2,720",1,3,1,10
2019,강동구,교육 서비스업,"1,491",834,"10,578","3,386","7,192","1,261","3,576",114,"1,601",95,"5,307",21,94,"1,388","7,819",16,603,87,"2,156"
2019,강동구,보건업 및 사회복지 서비스업,"1,277",515,"19,036","4,027","15,009","1,071","8,972",7,61,79,"7,285",120,"2,718","1,209","12,349",11,390,57,"6,297"
2019,강동구,예술 스포츠 및 여가관련 서비스업,930,413,"2,826","1,506","1,320",864,"1,958",33,269,28,577,5,22,897,"2,239",5,114,28,473
2019,강동구,협회 및 단체 수리 및 기타 개인 서비스업,"3,028","1,654","6,527","2,882","3,645","2,434","4,119",50,798,89,598,455,"1,012","2,945","5,619",7,259,76,649
